id,conta_origem,conta_destino,chave_pix,valor,data_hora,fraude
1,19645313-4,88989722-7,Telefone,442.34,2025-07-28 17:18:55.415319,False
2,85369266-9,47946259-8,Telefone,1820.64,2025-08-10 11:43:11.415342,False
3,42870016-9,69264477-1,Telefone,1801.03,2025-08-15 13:12:43.415351,False
4,30949783-0,62443950-8,CNPJ,1890.44,2025-08-17 09:22:54.415358,False
5,46417195-6,75580761-8,CPF,946.34,2025-08-04 00:19:19.415364,False
6,93391490-3,15538959-1,Email,1734.18,2025-08-15 01:05:03.415370,False
7,51773316-7,24429482-2,Telefone,1717.18,2025-08-13 06:37:04.415377,False
8,40749782-3,29451236-0,Email,777.85,2025-08-11 04:18:35.415387,False
9,99796835-4,82529289-6,CNPJ,1013.98,2025-08-07 09:45:37.415393,False
10,54153318-6,21382717-9,CNPJ,1036.16,2025-07-31 04:56:19.415399,False
11,75530669-8,73752585-7,Email,443.87,2025-08-03 12:01:29.415404,False
12,68272691-3,97768396-0,Email,221.64,2025-07-30 08:48:41.415409,False
13,36945190-5,19701394-8,CNPJ,1413.8,2025-08-12 02:38:10.415415,False
14,20395367-3,24293686-3,CPF,282.88,2025-08-21 23:22:53.415420,False
15,37065955-7,54341006-8,CPF,942.12,2025-08-14 11:39:59.415426,False
16,91609463-2,63244996-0,CPF,739.57,2025-08-03 21:38:30.415431,False
17,89909750-7,74303953-8,Email,857.99,2025-08-26 14:03:48.415436,False
18,44816567-1,89024645-1,Email,1942.61,2025-08-08 09:17:20.415442,False
19,75609662-3,35516244-8,Email,1765.64,2025-08-02 15:00:32.415448,False
20,66005290-1,91443694-3,Telefone,1011.27,2025-08-01 23:44:25.415453,False
21,86627038-3,29073877-3,CNPJ,601.49,2025-08-05 21:10:35.415459,False
22,99506131-3,43364102-5,CPF,1457.73,2025-08-06 18:26:50.415464,False
23,23646268-3,27679766-6,Telefone,835.61,2025-08-24 09:51:54.415469,False
24,89470962-1,99822033-1,CPF,1149.6,2025-08-06 15:56:07.415475,False
25,36399607-5,43696854-3,Email,39.3,2025-08-15 09:18:07.415480,False
26,33674274-3,44867871-3,CPF,79.59,2025-08-09 10:11:07.415487,False
27,78455049-6,29147802-9,Email,1134.34,2025-08-25 19:30:00.415492,False
28,49525128-1,13437175-4,Telefone,987.84,2025-08-07 05:13:48.415499,False
29,10448373-0,10106698-1,Telefone,632.15,2025-08-23 22:04:22.415504,False
30,41117383-2,73777810-9,Telefone,1874.28,2025-08-03 12:13:05.415510,False
31,50794782-6,49647851-3,CNPJ,1038.24,2025-08-20 00:35:58.415515,False
32,87704114-2,11151481-6,Telefone,1241.37,2025-08-06 02:10:29.415522,False
33,97703513-2,56210883-4,CPF,26.28,2025-08-01 06:07:18.415528,False
34,31567681-9,67558494-6,CPF,104.12,2025-08-26 07:01:38.415533,False
35,25914233-8,24795273-5,CPF,152.64,2025-07-28 08:52:56.415539,False
36,27481264-3,45520247-7,Telefone,1110.1,2025-08-24 06:52:24.415544,False
37,18694190-5,62962105-1,Telefone,1460.53,2025-08-05 05:45:47.415549,False
38,89373124-2,66706471-8,CNPJ,1151.98,2025-08-23 15:42:24.415554,False
39,46516208-9,81473971-5,CPF,1413.31,2025-08-01 14:50:43.415560,False
40,95728613-1,40652419-1,Telefone,1804.87,2025-08-23 09:04:56.415565,False
41,47170556-3,94170195-4,CNPJ,1614.65,2025-08-27 10:40:28.415572,False
42,50437699-9,28085243-7,CPF,1864.6,2025-08-17 22:58:07.415578,False
43,80886911-4,69694739-9,CNPJ,1519.36,2025-08-04 19:45:34.415584,False
44,19062650-8,95147803-1,CPF,335.42,2025-08-09 08:40:13.415589,False
45,41998304-7,59595334-5,Email,1211.02,2025-08-06 11:20:58.415594,False
46,79526868-0,62625510-0,Telefone,138.48,2025-08-22 13:06:20.415601,False
47,19481597-8,46666349-0,CNPJ,394.29,2025-07-29 23:21:42.415608,False
48,64682258-8,67435758-4,CPF,608.87,2025-08-01 23:35:42.415613,False
49,61972756-7,41069105-8,CNPJ,11384.24,2025-07-29 10:48:45.415619,True
50,92570621-1,78955622-2,CPF,19036.64,2025-08-22 12:10:41.415625,True
51,14287182-3,84657323-7,Telefone,611.87,2025-07-31 20:01:49.415630,False
52,35112074-3,82165434-5,Telefone,1841.28,2025-08-20 06:05:20.415636,False
53,85935794-5,60997784-5,CPF,7508.97,2025-07-29 23:12:51.415641,True
54,38155266-6,11525939-3,CPF,789.57,2025-08-05 19:01:05.415647,False
55,88083771-6,57922979-7,Telefone,1122.24,2025-08-26 08:16:56.415652,False
56,89976940-6,40618136-8,CNPJ,592.24,2025-07-30 21:38:25.415657,False
57,32409591-4,74855102-6,CNPJ,7388.55,2025-08-16 15:12:34.415663,True
58,58694734-8,13355309-5,CPF,49.64,2025-08-17 21:02:09.415668,False
59,69688357-8,96934366-3,Email,369.02,2025-08-10 11:14:39.415673,False
60,34604182-3,20262467-6,Telefone,1384.54,2025-08-14 18:57:24.415678,False
61,41336444-4,75907988-8,Telefone,1637.13,2025-07-30 23:49:08.415684,False
62,38799876-1,67558218-1,Email,127.59,2025-08-14 08:27:37.415689,False
63,68648054-1,26964748-0,CPF,917.2,2025-08-16 07:27:54.415694,False
64,33280767-6,63512223-6,CNPJ,1973.09,2025-08-15 12:56:37.415699,False
65,34647518-9,87640582-8,CPF,810.2,2025-08-12 07:01:00.415704,False
66,38838318-0,44610973-7,Telefone,1722.13,2025-08-08 07:40:03.415710,False
67,57202079-9,20717289-0,Telefone,452.75,2025-08-13 16:26:57.415718,False
68,38520245-2,89840546-2,CNPJ,771.55,2025-08-09 05:26:38.415723,False
69,80039031-7,72746310-0,Telefone,604.86,2025-08-08 12:51:05.415728,False
70,24547615-9,86698349-0,CNPJ,522.16,2025-08-27 02:25:40.415733,False
71,94037582-0,50627223-9,CPF,255.14,2025-08-14 05:38:04.415739,False
72,61693193-4,45048528-8,CNPJ,1986.96,2025-08-02 18:51:58.415744,False
73,80074411-9,84483013-1,Telefone,437.89,2025-08-24 22:14:12.415749,False
74,66524824-3,82884203-2,CNPJ,1027.08,2025-08-23 12:20:40.415754,False
75,63990883-1,42364892-9,Email,1843.69,2025-08-23 05:49:14.415760,False
76,46541695-4,77151127-3,Email,141.51,2025-08-26 15:36:58.415766,False
77,39689967-9,78408658-1,CPF,1546.8,2025-08-02 20:39:38.415772,False
78,20137177-8,76912054-5,Email,12285.5,2025-08-15 02:47:09.415778,True
79,85942631-0,12197963-3,Telefone,23.78,2025-07-28 15:21:41.415783,False
80,49186720-2,62830709-9,Email,1860.82,2025-08-13 05:09:52.415788,False
81,45983709-1,54601724-3,Telefone,867.94,2025-08-09 23:06:12.415793,False
82,93243570-2,38673442-7,Email,307.77,2025-08-27 04:16:41.415798,False
83,48079459-2,89982017-3,CPF,1834.59,2025-08-18 10:41:40.415803,False
84,18183255-6,18940552-8,Email,1023.93,2025-08-22 18:48:07.415808,False
85,11159229-6,66794822-1,CNPJ,950.88,2025-08-19 06:20:30.415813,False
86,53042109-5,99242534-1,CPF,1394.35,2025-07-31 11:14:44.415819,False
87,96940026-7,41227176-1,Telefone,1243.15,2025-08-12 04:41:38.415824,False
88,90756197-5,39378087-5,CPF,941.59,2025-08-15 01:50:30.415835,False
89,69569294-3,59180098-5,Telefone,1835.21,2025-08-03 21:46:09.415840,False
90,70309993-6,52889674-7,Email,1187.52,2025-08-12 09:33:22.415844,False
91,93443132-9,29515364-4,Telefone,1963.67,2025-08-07 14:20:46.415849,False
92,43092857-2,68306384-4,Telefone,1107.34,2025-08-05 08:46:37.415855,False
93,26828422-7,54113581-3,CNPJ,1778.11,2025-08-04 17:44:51.415860,False
94,45203486-7,90629074-1,CNPJ,555.84,2025-08-22 12:21:24.415866,False
95,40358014-6,22956738-2,CNPJ,1244.01,2025-08-02 13:49:00.415871,False
96,85203747-5,43781410-4,Telefone,1924.21,2025-08-24 22:00:05.415876,False
97,56401141-2,11609092-4,Telefone,142.56,2025-08-13 19:51:16.415881,False
98,15602438-1,64335805-4,Email,1782.7,2025-08-16 05:56:28.415886,False
99,45909987-0,84224652-0,Telefone,494.2,2025-08-23 21:36:21.415891,False
100,70784688-8,58582219-7,Email,1210.53,2025-08-22 13:00:38.415896,False
101,78793250-4,27676495-3,Telefone,946.16,2025-08-18 15:13:37.415901,False
102,85760875-4,45876057-9,Telefone,574.41,2025-07-28 18:18:49.415906,False
103,41031151-7,12981273-4,CPF,831.12,2025-08-06 06:11:47.415911,False
104,45810894-4,47151006-1,CPF,1403.53,2025-08-17 04:40:41.415915,False
105,69142530-1,51978265-2,Telefone,461.69,2025-08-18 07:11:24.415920,False
106,90675057-5,51436340-6,CPF,108.65,2025-08-09 06:13:45.415926,False
107,95172223-3,11501154-3,Email,1506.15,2025-08-16 08:06:31.415931,False
108,91317367-8,85904818-1,Email,1206.84,2025-08-27 05:10:35.415936,False
109,68564797-9,63777700-3,CPF,1001.46,2025-08-12 01:36:33.415942,False
110,98564217-3,58667427-4,Telefone,270.07,2025-08-02 05:51:21.415948,False
111,11344400-1,85679437-0,CPF,64.6,2025-08-26 11:57:19.415953,False
112,51353924-9,19574661-2,CNPJ,1958.6,2025-08-25 19:56:16.415958,False
113,40550707-2,91795050-6,CPF,1667.65,2025-08-23 19:43:11.415964,False
114,83057117-6,72518358-4,CPF,1387.26,2025-07-29 08:35:57.415969,False
115,84980968-0,98191834-9,CNPJ,765.44,2025-08-15 20:51:46.415974,False
116,23859228-5,66239904-2,Email,1063.98,2025-08-11 03:27:40.415979,False
117,35455797-7,84785318-6,Email,1196.98,2025-08-14 02:15:56.415984,False
118,84042937-3,10450096-1,CPF,1851.41,2025-08-19 16:49:24.415989,False
119,71772872-7,59705106-7,Telefone,37.17,2025-08-07 12:00:11.415994,False
120,96885032-7,82345536-6,CPF,66.17,2025-08-08 12:21:32.415998,False
121,38267102-2,99639343-6,Email,1848.14,2025-08-24 09:58:25.416004,False
122,43902356-9,98698602-4,Telefone,730.56,2025-07-30 16:37:24.416009,False
123,38486509-3,42338606-0,Telefone,426.55,2025-08-23 09:24:41.416013,False
124,62911458-0,24833236-3,CNPJ,601.51,2025-08-06 10:25:35.416018,False
125,80878152-6,40695516-1,CNPJ,1025.93,2025-08-12 05:34:41.416024,False
126,49200805-2,86732945-0,CNPJ,1817.64,2025-08-20 03:11:48.416029,False
127,52215026-3,17940167-8,CPF,237.96,2025-08-16 07:13:23.416034,False
128,76510839-3,43338688-2,CNPJ,1958.36,2025-08-26 02:24:18.416039,False
129,58060484-7,86636636-1,Email,1496.1,2025-08-12 02:45:17.416044,False
130,48753280-0,49028718-2,CNPJ,117.74,2025-08-16 22:50:48.416049,False
131,50095532-4,43394888-5,Telefone,709.05,2025-08-09 04:39:56.416055,False
132,32840980-0,90625137-0,CPF,1968.71,2025-07-29 16:23:41.416060,False
133,66544890-3,35560566-1,CPF,1396.48,2025-07-28 23:12:09.416065,False
134,58314649-0,34712787-4,CNPJ,843.72,2025-07-28 18:33:35.416070,False
135,16385212-8,48752655-2,CPF,701.18,2025-08-20 10:42:58.416075,False
136,20005313-3,24116445-3,Telefone,1375.06,2025-08-04 22:34:23.416080,False
137,40180877-3,81473022-6,Email,294.8,2025-08-26 16:29:06.416085,False
138,33790504-4,40972945-7,Telefone,881.38,2025-08-10 05:17:31.416090,False
139,18248275-4,41867836-3,Telefone,819.18,2025-08-05 05:27:10.416095,False
140,33732251-4,34805250-6,CNPJ,1445.04,2025-08-09 21:55:29.416100,False
141,47830546-2,66886644-9,Telefone,157.77,2025-08-25 03:40:55.416104,False
142,45909229-9,47304478-0,CNPJ,794.88,2025-07-31 23:36:24.416109,False
143,91833550-4,65530863-8,Email,570.44,2025-08-09 09:26:29.416114,False
144,18066163-4,16282706-8,CNPJ,152.25,2025-08-18 19:49:52.416119,False
145,38627722-0,17502460-8,Telefone,1456.77,2025-08-22 19:00:38.416125,False
146,89462424-6,73315160-4,Telefone,1385.53,2025-07-28 14:33:27.416130,False
147,40137835-5,82500551-6,Telefone,1480.05,2025-08-18 02:06:08.416135,False
148,46056833-0,59215642-7,CNPJ,861.15,2025-08-14 17:18:09.416140,False
149,78575210-0,68460012-3,CPF,968.08,2025-08-13 17:46:32.416145,False
150,91500657-2,14228187-2,CPF,1185.1,2025-08-15 23:08:58.416150,False
151,39648354-3,24245796-5,CNPJ,1684.01,2025-08-21 15:35:51.416156,False
152,82364024-8,91163269-8,Telefone,1190.16,2025-08-09 21:24:22.416162,False
153,20084512-7,36364770-6,Email,796.06,2025-08-13 21:50:13.416167,False
154,20925029-6,28240140-0,CNPJ,1351.78,2025-08-27 12:09:14.416172,False
155,12137119-5,92983259-9,Telefone,840.17,2025-08-03 09:35:19.416177,False
156,66236945-6,74906087-5,Telefone,1654.15,2025-08-08 04:07:42.416182,False
157,27797970-9,70334211-6,CPF,1464.43,2025-08-20 23:34:18.416187,False
158,96366701-5,69357974-8,Telefone,1434.37,2025-08-05 15:18:35.416192,False
159,15183677-7,46867513-2,Email,1849.18,2025-08-16 07:16:23.416197,False
160,99278793-4,49376450-4,Email,1367.98,2025-07-28 12:47:32.416203,False
161,82852726-6,47281228-3,Telefone,1159.67,2025-07-31 01:07:09.416208,False
162,30359289-6,44746472-5,Telefone,326.78,2025-08-16 21:43:49.416213,False
163,46551690-7,83530041-5,Telefone,533.37,2025-08-03 21:30:12.416218,False
164,59023024-4,83276883-1,Telefone,1208.56,2025-08-18 07:13:09.416224,False
165,30037570-6,65240685-3,CNPJ,1287.34,2025-08-12 22:59:26.416229,False
166,88180498-4,83918986-2,CNPJ,1453.1,2025-08-15 21:36:41.416234,False
167,53450316-4,28058814-4,Email,736.35,2025-08-24 05:12:36.416238,False
168,88224784-2,84644192-1,CPF,1089.38,2025-08-02 20:44:47.416243,False
169,55746233-5,18054400-3,CPF,10416.0,2025-08-24 23:45:51.416248,True
170,98667864-2,61979649-1,Email,631.89,2025-08-02 23:09:30.416253,False
171,24817115-9,20582881-2,Telefone,1181.09,2025-08-19 10:00:45.416258,False
172,33829614-9,27123701-5,Telefone,1855.44,2025-08-08 08:30:53.416263,False
173,96287304-1,13654626-5,Email,1191.62,2025-07-29 13:11:24.416268,False
174,13391161-0,86932447-5,Telefone,1748.22,2025-08-06 00:45:05.416274,False
175,24056946-6,45989920-6,CPF,1061.36,2025-08-07 12:44:56.416279,False
176,50068945-8,94173183-7,Telefone,1980.89,2025-08-14 07:29:27.416284,False
177,91648018-9,40727381-5,CPF,653.91,2025-08-20 13:17:20.416290,False
178,31268815-7,21529003-5,Telefone,877.64,2025-08-10 11:04:44.416295,False
179,35435247-5,88635603-3,CNPJ,381.36,2025-08-05 20:41:39.416300,False
180,20437205-3,72201575-5,CNPJ,1518.78,2025-08-01 18:53:01.416305,False
181,42952642-2,44336143-4,Telefone,867.9,2025-08-24 08:24:43.416310,False
182,52558225-9,73914196-9,CNPJ,197.61,2025-08-22 08:35:42.416315,False
183,15949198-2,10765412-7,CNPJ,448.92,2025-08-07 13:17:55.416320,False
184,37171289-4,70719751-8,CNPJ,1710.14,2025-08-07 20:43:28.416326,False
185,10846990-0,67137948-1,Email,386.49,2025-08-25 14:33:27.416331,False
186,66201354-4,11497127-4,Email,1835.39,2025-08-07 00:07:02.416335,False
187,93550318-0,13524228-8,Email,1515.16,2025-08-25 03:19:55.416341,False
188,49531199-7,60725904-0,CNPJ,961.11,2025-08-23 14:09:39.416346,False
189,20264261-4,78938929-4,CNPJ,1612.0,2025-08-02 17:28:59.416351,False
190,64774844-9,36342524-9,Email,13484.09,2025-08-09 08:54:57.416356,True
191,73881741-6,50441648-2,CNPJ,1801.37,2025-08-15 07:00:29.416361,False
192,61416738-3,56083851-5,Email,259.09,2025-08-03 02:31:27.416366,False
193,53257138-0,67176312-6,CNPJ,609.07,2025-07-28 05:07:47.416370,False
194,63699886-1,58262662-9,CNPJ,188.51,2025-08-27 12:29:58.416377,False
195,62592238-4,81287752-1,Telefone,1753.2,2025-08-18 12:48:45.416382,False
196,72577706-8,77996407-3,CNPJ,1782.71,2025-08-05 20:25:30.416386,False
197,40329646-8,60085686-3,CNPJ,769.9,2025-08-06 12:29:46.416391,False
198,84657492-5,36315256-3,Email,56.87,2025-08-22 09:35:56.416395,False
199,69332242-2,90558074-4,Telefone,344.3,2025-08-19 19:52:19.416399,False
200,15496172-7,26249432-8,Telefone,503.52,2025-08-19 11:38:45.416404,False
201,40227308-1,11945200-7,Telefone,1273.91,2025-08-20 18:54:09.416408,False
202,87900790-9,82104337-4,Email,1404.95,2025-07-29 16:59:31.416413,False
203,91746249-9,58489951-7,Telefone,958.74,2025-08-14 09:02:26.416418,False
204,69237447-4,10631072-8,CPF,1286.04,2025-08-12 21:34:58.416423,False
205,98673647-6,92139032-1,CPF,1568.96,2025-08-15 10:52:58.416427,False
206,62959355-7,76731302-1,Telefone,938.52,2025-08-04 22:27:41.416432,False
207,79722302-9,58550860-9,CNPJ,783.82,2025-07-30 22:15:14.416436,False
208,17422147-4,58931823-7,CNPJ,380.74,2025-07-30 21:44:34.416440,False
209,10185294-6,28883919-8,Email,184.44,2025-08-13 17:56:05.416444,False
210,13579350-8,55040675-1,CNPJ,522.13,2025-08-09 12:22:21.416449,False
211,12157059-8,52565304-7,CNPJ,164.67,2025-08-23 03:51:19.416453,False
212,42125871-0,85184164-3,Telefone,1775.45,2025-08-08 07:50:00.416458,False
213,76350584-0,94688713-3,Telefone,1506.34,2025-08-12 07:07:08.416462,False
214,91945857-5,52113064-0,CPF,276.87,2025-08-26 08:06:54.416467,False
215,49439514-4,54555412-2,CNPJ,954.35,2025-07-27 22:49:59.416471,False
216,93491775-7,93230549-2,Telefone,329.49,2025-08-14 16:00:43.416477,False
217,86382197-1,23475020-4,CPF,1222.43,2025-08-12 22:00:19.416481,False
218,68155505-3,80920514-1,CPF,1872.23,2025-07-29 12:14:25.416485,False
219,40817544-9,75920837-9,CNPJ,1531.37,2025-08-20 11:39:43.416490,False
220,66947759-2,33221113-8,Email,1029.57,2025-08-26 04:50:18.416494,False
221,75603923-8,75530980-7,CPF,8074.95,2025-08-10 16:34:16.416498,True
222,98158108-8,18342716-8,Telefone,921.27,2025-08-16 05:12:02.416502,False
223,51275443-3,45710318-4,Telefone,1376.72,2025-08-03 13:06:03.416508,False
224,99395944-8,50126045-1,Telefone,1314.12,2025-08-21 23:45:10.416512,False
225,36504336-4,69240744-6,CNPJ,11038.42,2025-08-23 13:34:38.416516,True
226,35076099-7,14814220-3,Email,1478.58,2025-08-01 20:49:52.416521,False
227,77967597-7,57270125-2,CNPJ,982.32,2025-08-04 14:07:45.416526,False
228,17005070-2,74628586-7,CPF,1852.6,2025-08-06 00:53:40.416530,False
229,15791754-1,36535737-4,CNPJ,566.95,2025-07-31 20:58:21.416534,False
230,30034085-8,68299342-3,Telefone,1016.17,2025-08-27 10:14:59.416539,False
231,29550904-0,18697309-6,CNPJ,1171.65,2025-08-14 09:22:53.416543,False
232,71250135-2,25791694-8,Email,1638.85,2025-07-28 07:37:57.416547,False
233,28906396-9,36161076-6,Telefone,879.28,2025-08-20 20:20:46.416552,False
234,83921908-7,72352591-7,Email,725.52,2025-08-16 08:11:54.416557,False
235,89116646-9,45172816-0,Email,1902.58,2025-08-15 10:22:37.416561,False
236,61502893-0,78179995-0,Email,1872.56,2025-08-04 19:17:35.416565,False
237,44566859-5,77725194-6,CNPJ,1325.21,2025-08-02 22:49:40.416570,False
238,38560042-4,69707663-8,CNPJ,1007.77,2025-08-26 23:50:09.416575,False
239,32794256-3,98911179-5,CNPJ,1057.36,2025-07-28 10:39:54.416579,False
240,92911234-0,39481744-0,Telefone,16206.07,2025-07-29 14:12:15.416584,True
241,28696395-1,80441790-7,CNPJ,536.9,2025-08-12 07:21:47.416588,False
242,53124765-9,44484285-0,CNPJ,1964.41,2025-08-04 13:21:53.416593,False
243,22728052-0,53416881-2,Email,356.39,2025-08-23 10:41:17.416598,False
244,79253888-8,52065751-2,Email,357.1,2025-08-01 21:45:28.416602,False
245,49430735-6,33621660-8,Email,1235.61,2025-08-01 12:27:13.416606,False
246,53152093-5,55951527-8,CNPJ,1724.86,2025-08-14 02:31:33.416611,False
247,41619103-7,23671938-3,Telefone,112.04,2025-08-04 02:55:58.416615,False
248,76696876-9,24462984-3,CPF,547.82,2025-08-23 13:52:37.416619,False
249,78385984-9,61721270-8,Telefone,1258.37,2025-08-10 02:29:29.416624,False
250,59067002-8,92676170-3,CNPJ,1162.74,2025-08-03 00:53:45.416628,False
251,24375317-8,95114014-9,Email,1022.29,2025-08-13 23:23:58.416633,False
252,18792835-5,98005852-9,CNPJ,1005.36,2025-08-06 20:04:07.416637,False
253,87416956-4,80522096-1,CNPJ,1828.35,2025-08-03 13:16:07.416642,False
254,86280896-2,60393293-1,Telefone,680.53,2025-08-19 14:23:56.416646,False
255,89646452-8,85126531-8,CPF,101.47,2025-08-13 19:48:30.416650,False
256,77728014-7,28910464-0,CPF,1697.38,2025-08-17 15:14:03.416655,False
257,19140621-8,54037139-8,Email,1037.47,2025-08-22 04:20:59.416661,False
258,57700064-1,32384473-8,Telefone,1400.48,2025-08-17 04:30:10.416667,False
259,13592939-5,58559816-4,Telefone,271.71,2025-08-24 04:06:51.416672,False
260,94330652-9,21303873-8,CNPJ,1220.44,2025-08-14 15:36:27.416676,False
261,56600649-8,52614444-2,CNPJ,694.84,2025-08-20 14:31:37.416680,False
262,46319953-4,36179198-3,CPF,1530.82,2025-08-24 08:25:18.416685,False
263,10469186-6,35766491-7,CPF,195.73,2025-08-04 10:10:26.416691,False
264,51489422-8,44389762-3,Telefone,1470.03,2025-07-28 15:26:42.416695,False
265,17730300-4,90147664-7,CPF,501.05,2025-08-07 11:20:19.416700,False
266,53378944-2,36881210-9,CNPJ,1206.03,2025-08-07 19:26:10.416704,False
267,84857214-3,11860839-8,CPF,266.86,2025-07-30 05:30:54.416708,False
268,25847968-1,50825919-0,CPF,1281.79,2025-08-06 05:05:36.416712,False
269,18548415-7,91819716-6,Telefone,7916.16,2025-08-17 05:22:36.416717,True
270,77699380-9,74604118-7,CPF,1636.78,2025-08-14 01:02:45.416722,False
271,69952270-8,75498981-3,CPF,760.34,2025-08-20 06:28:47.416726,False
272,99986597-7,27822021-9,Email,1165.32,2025-08-25 14:20:48.416731,False
273,37597934-8,70836861-6,CNPJ,989.18,2025-08-21 06:51:31.416735,False
274,74728095-5,23324530-2,Email,1984.61,2025-08-14 21:55:19.416739,False
275,50451274-1,96469637-5,CNPJ,278.4,2025-07-30 04:34:07.416743,False
276,56445103-0,49686378-9,CPF,15763.65,2025-08-11 20:35:16.416758,True
277,10379383-9,40554233-9,Telefone,252.9,2025-08-10 18:25:01.416763,False
278,27734224-8,54072331-4,Telefone,592.93,2025-08-15 03:55:55.416768,False
279,81193797-8,32534497-9,Telefone,1884.61,2025-08-20 17:22:28.416773,False
280,68317279-5,17306184-9,CNPJ,1684.51,2025-08-07 00:36:07.416777,False
281,57013117-9,70006458-9,CNPJ,1494.84,2025-07-30 05:18:54.416783,False
282,88540162-4,27233218-7,Email,1092.01,2025-07-29 08:58:05.416787,False
283,96883370-5,92919856-6,Telefone,474.02,2025-08-22 19:38:53.416791,False
284,64269642-3,71760591-1,CNPJ,1264.74,2025-08-27 05:49:28.416795,False
285,78184945-7,67202747-9,CNPJ,1649.96,2025-08-10 07:28:03.416799,False
286,58492825-5,78046541-2,Email,1374.77,2025-07-31 21:07:27.416804,False
287,17584030-5,54094120-1,CNPJ,1989.39,2025-08-20 09:57:50.416808,False
288,20009036-5,50166317-9,Telefone,921.13,2025-08-03 16:44:16.416812,False
289,79041459-6,49018673-4,Email,1796.25,2025-08-16 12:05:38.416816,False
290,45234386-2,52761094-2,CPF,78.22,2025-08-07 22:09:24.416820,False
291,66999186-7,60050051-3,Email,711.11,2025-08-15 08:50:53.416824,False
292,11177197-6,53346968-4,Email,1111.42,2025-08-11 16:03:49.416829,False
293,69385171-6,49883970-7,CNPJ,1057.89,2025-08-18 23:58:34.416833,False
294,31548164-6,39694192-5,CPF,1858.85,2025-08-05 19:46:32.416837,False
295,30590383-5,12937272-2,Email,1134.48,2025-08-16 14:34:43.416841,False
296,43429250-5,32185250-3,Telefone,442.47,2025-08-13 19:51:28.416845,False
297,66407361-3,11991847-8,CNPJ,1849.5,2025-08-13 00:39:57.416850,False
298,34508631-9,15046745-9,Email,276.32,2025-08-11 07:14:00.416854,False
299,80581265-6,16314978-0,CPF,1705.76,2025-08-21 01:49:14.416858,False
300,72842051-5,69362522-8,Telefone,620.07,2025-07-29 15:02:33.416863,False
301,95117956-7,92545888-1,CNPJ,185.44,2025-08-10 14:01:12.416869,False
302,30678223-0,48494722-2,CNPJ,755.32,2025-08-09 16:30:57.416874,False
303,59332025-5,97171707-2,Email,1668.77,2025-08-22 10:38:29.416878,False
304,74538396-9,36087927-9,CPF,918.43,2025-08-19 00:34:06.416882,False
305,45936486-5,42864896-4,Telefone,1596.66,2025-08-04 20:20:02.416886,False
306,25710718-2,56650887-7,CPF,1497.48,2025-08-03 14:19:53.416890,False
307,41566021-1,17256982-3,CPF,1405.76,2025-08-14 07:31:18.416894,False
308,65842954-6,98624970-0,Telefone,1679.65,2025-08-01 18:11:58.416899,False
309,36671709-3,95108272-5,CNPJ,1497.91,2025-08-03 03:43:31.416903,False
310,82899330-7,31725517-7,CPF,1791.94,2025-08-12 04:24:43.416908,False
311,10977063-7,62174813-4,CNPJ,1699.37,2025-08-02 22:37:28.416912,False
312,16666364-3,26539488-5,Email,126.38,2025-08-24 23:56:03.416916,False
313,31153637-9,93558377-3,CNPJ,135.9,2025-08-12 04:01:22.416920,False
314,86623045-5,97396002-2,CNPJ,106.76,2025-08-05 19:34:04.416924,False
315,97598383-7,61569770-9,Telefone,800.14,2025-08-02 16:57:16.416928,False
316,65044401-9,37090919-3,CNPJ,1069.64,2025-08-16 23:42:14.416932,False
317,74223493-5,25141416-0,Telefone,1728.13,2025-08-04 08:45:57.416936,False
318,35510342-5,59726105-6,CPF,17067.24,2025-08-12 05:16:11.416940,True
319,49049918-6,22041204-0,Email,17606.62,2025-08-25 04:32:55.416945,True
320,47924308-3,46263547-1,CNPJ,658.94,2025-08-21 08:09:03.416949,False
321,91584511-7,87115026-2,CPF,127.3,2025-08-16 16:58:05.416954,False
322,67732387-4,55840412-7,CPF,1415.47,2025-07-31 09:49:15.416959,False
323,76522009-2,87665750-9,Email,1862.82,2025-08-05 18:36:40.416963,False
324,53927398-3,23682495-9,Telefone,826.66,2025-07-29 06:07:31.416967,False
325,67185008-3,41457941-9,CPF,660.29,2025-08-16 21:27:58.416972,False
326,97449127-5,27194914-8,CPF,1158.84,2025-08-22 06:43:00.416976,False
327,74445623-5,94499073-5,Telefone,873.75,2025-08-17 19:04:57.416980,False
328,90323182-4,93764149-6,Telefone,1232.95,2025-08-22 04:03:08.416984,False
329,78674888-3,61524050-0,CPF,179.51,2025-07-29 09:52:38.416989,False
330,70836377-7,44668410-5,CNPJ,849.55,2025-08-22 09:52:23.416993,False
331,95648742-2,65453391-0,CPF,645.72,2025-08-14 08:11:43.416997,False
332,89677166-5,87125142-0,Telefone,1611.5,2025-07-28 06:14:57.417001,False
333,91971047-6,76756251-8,Email,1152.47,2025-07-28 16:46:32.417005,False
334,15761857-1,85113200-9,Telefone,1985.52,2025-07-29 15:17:12.417009,False
335,18472903-5,97286681-7,Email,1820.75,2025-07-31 00:31:24.417014,False
336,83284397-5,10445031-5,Email,55.73,2025-07-29 03:55:45.417019,False
337,59050288-8,59729871-3,Email,1701.08,2025-08-23 15:45:57.417025,False
338,86508089-2,25199984-5,CPF,513.0,2025-08-19 04:23:44.417030,False
339,19666723-8,15383256-0,Telefone,7536.01,2025-08-18 12:35:42.417034,True
340,46885873-9,29229258-5,Email,703.24,2025-08-09 16:08:59.417040,False
341,87123007-8,83764676-6,Telefone,591.14,2025-08-22 18:39:01.417044,False
342,48668182-7,40910137-4,Telefone,894.65,2025-08-23 13:10:21.417049,False
343,49171334-2,43505246-1,Telefone,100.2,2025-07-28 04:11:07.417056,False
344,18463992-9,10618155-8,Email,1280.77,2025-08-17 22:16:16.417061,False
345,66504145-6,75774156-2,CNPJ,924.5,2025-08-01 11:43:15.417065,False
346,97107387-9,65444594-5,CPF,1959.45,2025-08-07 03:58:09.417069,False
347,77190622-7,12397068-2,Email,17606.96,2025-08-24 08:36:46.417074,True
348,27103481-3,88145173-1,CPF,7472.62,2025-08-18 08:38:09.417079,True
349,96473366-7,20970845-5,CPF,651.88,2025-07-29 01:56:13.417084,False
350,11188205-0,60363012-0,Telefone,1626.07,2025-07-28 01:21:42.417089,False
351,70146430-9,38583728-8,Telefone,54.21,2025-07-31 13:16:22.417093,False
352,13743252-6,33595182-3,Email,1989.39,2025-08-09 20:12:24.417098,False
353,20497815-8,26513086-4,CNPJ,1812.9,2025-08-25 04:46:30.417102,False
354,63842043-5,67080980-7,Email,549.14,2025-08-06 20:41:10.417107,False
355,61387295-7,55536720-4,CNPJ,1255.75,2025-08-16 12:37:50.417111,False
356,58410693-7,45354631-5,Telefone,44.16,2025-08-22 10:08:49.417116,False
357,95668043-7,71202684-1,Email,18802.9,2025-07-29 00:21:01.417120,True
358,73283903-0,62390959-0,Email,528.34,2025-08-23 14:34:49.417124,False
359,34143011-9,93875315-3,Email,1262.72,2025-08-03 17:56:39.417129,False
360,11227037-0,66549959-9,CNPJ,1253.49,2025-08-08 05:53:15.417133,False
361,16694072-8,31748927-2,Telefone,1073.52,2025-08-08 00:07:55.417138,False
362,47609295-8,30906463-6,Telefone,1572.95,2025-08-10 16:03:06.417142,False
363,53006443-1,24375063-4,CPF,1926.59,2025-07-31 03:04:10.417146,False
364,82006686-0,97118097-3,Email,1096.61,2025-08-08 21:15:34.417151,False
365,93100627-4,98517640-3,CPF,1357.35,2025-07-31 06:23:10.417156,False
366,12416195-8,59393528-6,Telefone,761.08,2025-07-29 21:38:24.417160,False
367,17142833-8,88316331-7,Email,901.67,2025-07-29 13:20:19.417164,False
368,77039181-1,14002195-2,Telefone,1800.19,2025-08-17 01:21:44.417169,False
369,36646132-6,94061077-5,Telefone,1942.15,2025-08-23 07:24:22.417173,False
370,11264584-1,97343621-5,Telefone,1309.13,2025-08-16 04:53:02.417177,False
371,75788581-3,39971225-7,CPF,93.16,2025-08-16 12:53:31.417181,False
372,33941353-2,82921349-9,CNPJ,1618.99,2025-08-05 00:36:33.417185,False
373,73501630-2,84537945-3,Email,306.42,2025-08-06 00:28:53.417189,False
374,47345760-0,33058754-7,CNPJ,1998.16,2025-07-30 12:15:50.417194,False
375,72938460-3,76079644-5,Email,1515.77,2025-08-22 02:54:22.417199,False
376,85643738-7,92252436-6,CNPJ,82.69,2025-08-07 05:22:37.417203,False
377,22358883-4,17907038-4,Telefone,1603.31,2025-08-18 19:43:57.417207,False
378,52145691-3,22690094-7,CNPJ,1346.75,2025-07-31 15:35:43.417211,False
379,75122012-2,81309894-0,Telefone,1222.08,2025-08-23 19:00:08.417217,False
380,74640084-0,22835210-8,CNPJ,800.24,2025-08-08 15:58:53.417221,False
381,88986585-3,24660413-6,Telefone,1003.54,2025-08-01 17:48:20.417225,False
382,60823002-5,85705658-0,CNPJ,137.8,2025-08-25 07:02:32.417229,False
383,76214270-6,21191953-4,Email,13585.89,2025-08-13 22:58:13.417234,True
384,67996748-4,61367950-0,CNPJ,1988.89,2025-08-25 03:58:16.417238,False
385,83896904-0,24242911-5,Telefone,1659.39,2025-08-24 22:29:01.417242,False
386,24057262-1,91889609-0,Telefone,967.64,2025-08-06 05:21:05.417247,False
387,62352147-8,85313560-0,CPF,1387.98,2025-08-23 10:48:14.417252,False
388,53270968-6,34447063-6,Email,234.49,2025-08-22 03:26:02.417256,False
389,59245312-6,18159291-0,CNPJ,706.97,2025-08-07 08:04:12.417260,False
390,73557685-6,66189063-9,CPF,356.71,2025-08-03 07:06:59.417265,False
391,60775086-7,48560175-1,CPF,754.49,2025-08-25 08:00:57.417269,False
392,88472574-2,38497845-6,Telefone,774.15,2025-08-26 05:15:36.417273,False
393,20926277-8,57280029-3,CPF,240.05,2025-08-13 21:43:54.417277,False
394,29866707-6,94655929-1,CPF,1707.77,2025-08-20 10:37:00.417281,False
395,46222476-5,44229280-3,Telefone,1069.01,2025-07-31 12:50:22.417285,False
396,60127852-6,19691445-8,Telefone,1595.66,2025-07-27 20:14:28.417289,False
397,42355829-5,41484850-2,CNPJ,877.52,2025-07-31 11:13:56.417294,False
398,55750128-7,13442156-4,CNPJ,156.22,2025-08-09 14:55:56.417299,False
399,71935735-1,66301526-7,CNPJ,335.61,2025-08-16 01:27:29.417304,False
400,59289982-8,27104295-2,CNPJ,322.89,2025-07-30 02:57:58.417309,False
401,40470493-6,65661941-2,Telefone,1367.84,2025-08-06 09:16:45.417313,False
402,81049554-5,19967967-6,Telefone,1457.23,2025-08-24 05:07:55.417318,False
403,77545673-4,26182033-8,Email,627.29,2025-08-22 06:49:28.417322,False
404,97961497-3,30821413-0,Telefone,84.29,2025-08-16 00:43:37.417327,False
405,56927756-7,32491258-3,CNPJ,876.13,2025-07-31 06:08:54.417331,False
406,72717084-3,11688778-1,Telefone,1835.39,2025-08-21 05:32:13.417335,False
407,54450425-6,27269892-2,CPF,16835.74,2025-08-02 21:58:44.417341,True
408,98526755-2,67651377-5,Telefone,743.18,2025-08-22 18:40:24.417345,False
409,45429235-4,18418511-3,Telefone,1628.89,2025-08-16 23:14:23.417349,False
410,49974287-7,75692488-2,CPF,447.19,2025-07-31 16:23:06.417354,False
411,31635484-9,98469874-6,CPF,831.11,2025-08-05 01:58:28.417358,False
412,78386678-1,42075031-8,CPF,667.69,2025-08-12 08:30:58.417363,False
413,60044912-1,32801163-9,Email,1140.35,2025-08-08 17:58:52.417367,False
414,87370584-2,44652645-4,CNPJ,202.59,2025-08-05 16:17:30.417371,False
415,81014048-3,83001083-0,CNPJ,543.58,2025-08-03 01:41:29.417375,False
416,62473839-2,60775394-8,Telefone,180.03,2025-08-14 14:07:34.417379,False
417,35815867-9,49009221-8,Telefone,482.95,2025-08-16 13:57:02.417384,False
418,89088771-2,11981835-2,CNPJ,1733.25,2025-08-11 03:14:45.417389,False
419,23205290-6,12603204-1,Email,1200.88,2025-08-14 23:54:48.417393,False
420,61627995-9,27663820-7,CNPJ,667.94,2025-08-21 14:21:51.417397,False
421,35476677-8,64029164-8,CPF,8401.83,2025-08-11 20:51:29.417401,True
422,23521291-7,81486278-6,Telefone,99.29,2025-07-28 22:47:00.417406,False
423,23044495-4,21737623-6,CPF,171.94,2025-08-05 10:24:39.417410,False
424,79227551-6,12915221-0,Email,285.84,2025-08-22 17:38:33.417414,False
425,77133450-8,25449386-3,CNPJ,1085.33,2025-08-19 18:30:05.417418,False
426,52069952-5,82981546-1,Telefone,540.9,2025-08-17 05:56:03.417422,False
427,42135382-1,90871182-1,CNPJ,1467.98,2025-08-09 06:12:07.417427,False
428,23661796-6,67653236-6,CPF,1131.22,2025-08-19 16:35:20.417432,False
429,90170239-3,59691669-9,CNPJ,558.01,2025-08-06 12:33:07.417436,False
430,77916497-6,32126719-8,CPF,1904.24,2025-08-15 17:45:34.417440,False
431,80135342-6,41782531-5,CNPJ,567.94,2025-08-25 15:46:48.417444,False
432,52049111-6,49809120-7,Telefone,17867.94,2025-07-31 06:30:50.417449,True
433,63654483-3,79454418-7,Email,597.58,2025-08-05 20:29:57.417454,False
434,72366255-8,61483825-9,Email,1002.85,2025-08-11 08:15:40.417458,False
435,24683774-1,66979303-3,Telefone,1293.77,2025-08-06 05:59:36.417463,False
436,73568510-6,39986529-5,Telefone,436.87,2025-07-29 03:29:38.417467,False
437,87612761-9,32693218-8,Telefone,1434.7,2025-08-17 18:24:55.417472,False
438,37334244-4,88685712-8,CPF,763.0,2025-07-28 07:43:05.417476,False
439,23568311-6,50297205-6,CPF,415.26,2025-08-23 06:16:36.417480,False
440,89762177-6,11420102-1,CPF,1374.74,2025-08-10 20:25:42.417484,False
441,86847766-4,52793099-9,Telefone,69.35,2025-08-17 17:35:18.417489,False
442,32503594-6,71072804-8,Telefone,1941.16,2025-08-14 05:48:42.417493,False
443,24049602-9,74572466-3,Email,883.59,2025-08-15 00:44:18.417497,False
444,96734871-5,34590393-5,Email,13330.49,2025-08-14 09:59:32.417501,True
445,58825797-3,35722657-8,CNPJ,698.17,2025-08-19 00:24:52.417505,False
446,39869248-6,43979808-8,CNPJ,137.83,2025-08-25 05:04:57.417509,False
447,93650829-3,97554280-0,Email,1790.83,2025-08-04 22:48:55.417513,False
448,27855353-4,82299829-7,Telefone,7287.84,2025-08-18 00:35:33.417518,True
449,68258823-2,71981670-8,CNPJ,1945.2,2025-08-25 10:37:53.417523,False
450,21134309-9,38485848-1,Telefone,16207.43,2025-08-18 21:22:23.417527,True
451,87870876-5,87689429-6,Email,1673.43,2025-07-29 17:35:54.417531,False
452,57143444-0,38755181-1,Telefone,1987.76,2025-08-06 21:24:18.417535,False
453,88103878-6,79252660-9,Telefone,8716.16,2025-08-09 08:20:06.417540,True
454,54198935-2,32744581-1,CNPJ,372.75,2025-08-24 18:39:14.417544,False
455,46133677-0,24318179-5,Email,1614.79,2025-08-09 10:20:34.417548,False
456,97503078-6,90001940-5,Email,1535.79,2025-08-19 20:22:44.417553,False
457,60569880-6,37736524-9,CPF,1342.58,2025-07-31 09:26:57.417558,False
458,14008248-3,76003872-1,CPF,496.66,2025-08-08 07:48:17.417563,False
459,98136883-0,92152654-3,CPF,1246.11,2025-07-29 07:26:20.417567,False
460,59472945-1,32636043-8,Telefone,1164.51,2025-08-20 21:14:11.417571,False
461,35449882-9,87567009-2,Telefone,1488.11,2025-07-31 00:57:03.417575,False
462,33503477-0,74349491-6,CPF,1348.04,2025-08-20 11:03:20.417579,False
463,75165950-0,75143882-5,CPF,484.27,2025-08-25 23:55:31.417584,False
464,11591158-0,27812196-3,Email,813.81,2025-08-23 22:10:01.417589,False
465,69871244-1,18769698-8,CNPJ,1355.2,2025-08-17 05:29:55.417593,False
466,30894493-9,91531362-4,CPF,315.19,2025-08-19 20:05:27.417597,False
467,51627496-0,57999868-8,Email,1632.98,2025-08-03 09:08:31.417602,False
468,48020669-4,71146003-4,CNPJ,358.19,2025-07-30 19:14:18.417606,False
469,57736332-7,18899592-0,Telefone,1804.29,2025-08-18 01:32:34.417610,False
470,56036181-5,26907324-6,CNPJ,753.45,2025-08-15 13:08:54.417614,False
471,66768700-8,44800346-9,CPF,282.9,2025-07-31 07:58:20.417620,False
472,83864796-1,50152944-2,CPF,153.58,2025-08-19 00:31:58.417624,False
473,33552280-7,98852430-8,Telefone,1534.22,2025-08-10 21:08:44.417628,False
474,50456145-0,25124602-3,CPF,1465.31,2025-08-27 14:24:14.417633,False
475,56001038-6,62137972-2,CPF,1160.87,2025-07-29 15:24:41.417637,False
476,94428523-8,80663208-3,Email,1315.99,2025-07-29 20:46:38.417643,False
477,60276169-0,84437171-8,Telefone,96.58,2025-08-10 09:52:06.417647,False
478,98159117-6,29298574-6,Email,394.61,2025-08-08 04:48:02.417651,False
479,42546883-6,71410212-4,CPF,1030.7,2025-08-02 06:54:29.417656,False
480,38657048-1,47356012-1,CPF,1241.17,2025-08-22 03:15:40.417660,False
481,33116961-9,48912917-9,Email,1552.69,2025-08-17 02:17:14.417664,False
482,80445479-5,83925052-3,CPF,1327.71,2025-08-23 03:11:38.417668,False
483,65581372-3,80421728-8,CPF,268.71,2025-08-06 01:36:17.417673,False
484,20383937-4,14503026-5,CPF,1758.57,2025-08-12 03:48:20.417677,False
485,99443275-8,30676142-4,Telefone,943.01,2025-08-21 17:44:56.417681,False
486,50490194-6,64755713-2,Email,1562.33,2025-08-09 14:24:31.417686,False
487,73374657-6,26122356-9,CPF,1214.13,2025-08-04 05:56:55.417690,False
488,34997005-6,62896401-9,Email,46.01,2025-08-08 00:28:18.417694,False
489,71007489-0,71389883-8,Telefone,1983.09,2025-08-08 21:52:06.417699,False
490,21673075-2,27373851-7,Telefone,675.2,2025-08-04 04:55:50.417703,False
491,38414710-9,83799883-0,CNPJ,480.12,2025-08-22 15:35:03.417707,False
492,32972602-1,49345028-7,Email,1951.19,2025-08-27 06:45:15.417713,False
493,78704384-1,29233185-9,CPF,486.27,2025-08-22 07:09:52.417717,False
494,53694513-7,80900054-4,CNPJ,1184.19,2025-08-01 13:32:12.417721,False
495,57025998-8,22941562-2,CPF,52.29,2025-08-03 10:45:38.417725,False
496,23677516-9,43559546-6,CPF,1499.87,2025-08-20 03:34:01.417730,False
497,45104017-4,84763274-1,Telefone,11306.18,2025-08-07 23:16:16.417734,True
498,19501394-7,19100336-1,CNPJ,1809.41,2025-08-16 15:47:13.417739,False
499,21692220-5,99945904-7,CPF,1940.23,2025-08-25 18:05:25.417743,False
500,30887705-3,79318129-1,Email,1058.03,2025-08-04 18:25:28.417747,False
501,80776001-7,69452940-2,Telefone,1564.68,2025-08-04 16:17:01.417751,False
502,93862041-8,89387446-5,CNPJ,14655.27,2025-08-15 14:19:59.417756,True
503,10147240-9,81567198-8,Email,669.58,2025-08-03 23:04:42.417760,False
504,95676915-4,27355816-5,Telefone,17736.71,2025-08-22 13:02:40.417764,True
505,36372674-0,66940675-5,CNPJ,1163.83,2025-08-26 16:20:51.417768,False
506,62904119-1,41141721-2,Telefone,636.45,2025-08-01 17:00:48.417773,False
507,63293468-8,91714979-4,CPF,976.64,2025-08-14 06:27:54.417777,False
508,33947532-7,15745623-4,Email,1176.17,2025-08-04 03:27:06.417781,False
509,76162304-2,44514850-2,CPF,1009.22,2025-08-23 21:32:13.417785,False
510,12081204-0,34478494-9,CNPJ,934.32,2025-07-31 16:00:19.417789,False
511,59302140-0,11363486-5,Email,1935.41,2025-08-07 21:09:37.417794,False
512,57455406-2,23606676-6,CPF,1387.78,2025-07-29 04:58:13.417798,False
513,14062539-2,99798144-2,CNPJ,939.02,2025-08-13 14:35:19.417803,False
514,16056834-8,85381098-8,Email,1694.92,2025-07-28 23:00:22.417807,False
515,81153766-3,97816496-1,CNPJ,672.01,2025-08-18 13:08:03.417813,False
516,59053509-0,31252020-3,Email,1193.05,2025-08-24 01:03:18.417817,False
517,48030432-8,55898946-0,Email,1285.41,2025-08-08 11:07:21.417822,False
518,19334678-0,90453804-7,Email,1003.5,2025-08-20 23:35:58.417826,False
519,55425118-4,24798471-7,Email,1817.47,2025-08-25 11:53:06.417831,False
520,60029477-4,72619058-1,Telefone,960.5,2025-08-21 03:01:06.417835,False
521,37019275-2,54322785-3,CPF,1041.49,2025-08-09 21:05:43.417839,False
522,32878823-9,88965103-3,CPF,269.39,2025-08-01 10:33:22.417845,False
523,91011763-1,96170886-7,Telefone,1280.03,2025-08-17 19:42:28.417849,False
524,44370437-2,97786918-8,Email,1093.54,2025-08-12 09:39:37.417854,False
525,66409221-2,20058134-3,Email,1221.2,2025-08-13 00:23:52.417858,False
526,88914499-3,55749431-5,CPF,51.99,2025-08-06 11:32:39.417862,False
527,69951090-7,62347684-1,CPF,907.81,2025-07-30 09:12:15.417867,False
528,63333676-5,56328732-1,Telefone,1106.35,2025-08-25 23:08:23.417871,False
529,70295865-4,35198756-3,CPF,1022.58,2025-08-20 09:14:33.417876,False
530,61535933-0,99336720-1,CNPJ,8679.35,2025-08-02 13:14:36.417880,True
531,69105082-4,60041726-5,Telefone,1655.7,2025-08-01 11:11:10.417884,False
532,69130302-6,70798131-6,CNPJ,1816.13,2025-08-21 10:47:53.417888,False
533,12586352-5,30682419-2,Telefone,734.76,2025-08-09 12:56:20.417893,False
534,82451162-9,33705285-7,CNPJ,1489.24,2025-08-06 13:29:26.417898,False
535,51690617-1,73554905-8,CNPJ,7804.1,2025-08-13 02:45:19.417903,True
536,70445787-2,36018208-7,CPF,1902.42,2025-08-15 03:39:41.417907,False
537,45845529-9,92758607-2,CNPJ,39.34,2025-08-24 13:52:06.417911,False
538,55139908-2,64190564-5,Telefone,1102.42,2025-08-19 13:15:48.417915,False
539,20290259-5,65349148-2,CPF,1823.17,2025-08-26 14:30:25.417919,False
540,87430569-2,44777005-9,CPF,745.28,2025-07-28 04:34:21.417924,False
541,68463399-4,81972362-6,CNPJ,19435.53,2025-08-01 01:45:41.417928,True
542,55137971-2,74772673-4,Email,1530.54,2025-07-31 21:05:49.417932,False
543,18017520-8,14390446-0,CNPJ,1155.75,2025-08-03 17:36:49.417936,False
544,31635679-5,79370446-5,CNPJ,1709.96,2025-08-19 13:03:02.417940,False
545,68623363-0,16505300-4,Telefone,1578.17,2025-07-29 18:54:04.417945,False
546,99795967-5,13844100-7,CPF,1316.23,2025-07-31 04:49:16.417949,False
547,61571370-7,34626515-4,Email,6139.32,2025-07-31 23:18:05.417953,True
548,33183616-4,26257932-1,CPF,770.43,2025-08-09 16:21:29.417957,False
549,28864184-0,12147864-5,CPF,1225.16,2025-08-18 06:00:56.417961,False
550,18998765-7,56733213-2,CNPJ,1027.86,2025-08-08 10:49:32.417966,False
551,46372341-6,73709936-8,CPF,1289.61,2025-08-14 15:57:16.417970,False
552,80000720-7,70587009-3,CNPJ,1558.07,2025-08-05 23:24:54.417974,False
553,41132861-9,69957008-7,CPF,1184.95,2025-08-15 03:21:30.417978,False
554,92163521-9,72228773-5,Telefone,1532.48,2025-07-28 01:55:19.417983,False
555,42621234-5,32109361-8,CPF,343.66,2025-08-09 04:14:50.417987,False
556,86178497-4,66510733-9,CPF,706.31,2025-08-13 00:35:41.417993,False
557,81893117-7,95112774-3,CNPJ,794.98,2025-08-05 04:04:57.417997,False
558,11579098-7,97946740-9,CPF,1776.19,2025-08-06 11:32:56.418001,False
559,24561828-9,59988294-9,Telefone,135.12,2025-08-13 12:16:45.418005,False
560,86953319-6,44911060-8,CPF,1669.16,2025-08-12 02:30:03.418009,False
561,89901273-1,93737368-6,Telefone,486.62,2025-08-11 22:03:16.418013,False
562,59591723-0,72474478-4,CNPJ,855.66,2025-08-04 10:35:05.418018,False
563,67916355-8,73088582-8,CNPJ,129.69,2025-08-02 12:53:51.418022,False
564,40465766-3,71306009-6,Telefone,1375.44,2025-08-21 02:41:29.418026,False
565,82011428-3,68095388-9,CNPJ,1781.35,2025-08-07 08:40:44.418030,False
566,75021802-9,36052623-1,Email,23.04,2025-07-30 17:58:29.418034,False
567,89054847-0,60400929-2,CPF,1611.69,2025-08-19 16:55:11.418039,False
568,89344014-6,16710314-8,Email,1707.84,2025-08-08 21:12:06.418043,False
569,18885861-9,14773242-1,Email,1802.74,2025-08-02 08:42:32.418047,False
570,14439859-5,10381288-6,Email,137.99,2025-08-27 04:40:44.418052,False
571,75303709-5,77964495-7,Email,1107.65,2025-08-02 12:45:16.418056,False
572,83229104-2,18407634-7,CNPJ,1483.14,2025-08-05 01:40:00.418060,False
573,63910980-7,25796104-4,Email,1227.77,2025-07-29 04:42:11.418064,False
574,98914510-6,13146641-3,CPF,687.05,2025-08-05 11:50:21.418071,False
575,92376879-8,81132305-3,CPF,1880.76,2025-07-29 14:03:40.418075,False
576,47432674-7,98748377-8,Telefone,169.8,2025-08-03 12:08:33.418079,False
577,96976923-7,52650614-1,CNPJ,1558.48,2025-08-24 01:23:53.418084,False
578,46331681-6,73159696-0,CPF,1359.45,2025-08-17 03:42:39.418088,False
579,29610831-9,71730918-3,Telefone,1745.39,2025-08-06 18:38:13.418093,False
580,65487155-0,31012657-6,Email,527.5,2025-08-05 18:58:42.418097,False
581,25551262-2,55251391-2,Telefone,795.33,2025-08-08 22:32:29.418101,False
582,97261959-0,23111859-9,CNPJ,1753.39,2025-08-10 09:54:09.418105,False
583,68603473-9,25587665-5,Telefone,777.29,2025-07-29 07:03:41.418110,False
584,22646033-6,58582975-6,CPF,504.72,2025-08-21 23:07:41.418114,False
585,65860975-7,29683844-3,CNPJ,262.29,2025-08-15 03:26:31.418118,False
586,81934948-2,94685713-1,CPF,361.27,2025-08-25 03:11:30.418122,False
587,31986534-8,84173797-4,CPF,1290.54,2025-08-16 08:01:09.418149,False
588,36441600-8,98511930-1,Telefone,975.76,2025-08-26 11:59:30.418154,False
589,73708513-1,48720185-2,CPF,529.01,2025-08-24 12:49:34.418158,False
590,36337613-6,90536296-4,Telefone,1926.49,2025-08-25 07:50:12.418163,False
591,68423445-4,66801505-2,Email,1535.47,2025-08-25 13:17:33.418168,False
592,47013753-5,62793669-4,Telefone,802.24,2025-08-16 02:39:28.418173,False
593,46202912-8,55854319-8,CNPJ,19650.52,2025-08-24 01:51:06.418178,True
594,36212266-4,81214635-3,CNPJ,1937.85,2025-08-09 17:00:41.418184,False
595,14981791-5,68742397-6,CPF,79.82,2025-08-14 20:43:43.418188,False
596,81766767-5,27511791-3,Email,138.98,2025-08-02 03:19:54.418192,False
597,82746162-8,43315865-3,CNPJ,1598.94,2025-08-04 04:49:49.418197,False
598,52993267-0,88662605-4,Email,869.26,2025-08-01 10:46:56.418202,False
599,62446644-6,89516567-3,CNPJ,806.96,2025-08-27 08:32:15.418207,False
600,33207853-0,16619776-1,Telefone,1180.14,2025-08-10 18:11:56.418211,False
601,50454231-0,60381383-6,CNPJ,511.07,2025-08-22 21:14:55.418216,False
602,52947792-3,38300020-1,Telefone,99.68,2025-08-18 01:31:49.418221,False
603,31950159-8,47918867-5,CNPJ,74.04,2025-08-10 10:44:15.418225,False
604,73284100-4,57513947-0,CPF,1137.16,2025-08-03 12:46:02.418229,False
605,54315142-4,14452158-4,CPF,291.52,2025-07-31 04:33:43.418233,False
606,44334452-3,70810468-7,Email,651.77,2025-08-08 18:31:14.418237,False
607,66948229-0,64449607-8,CPF,1350.79,2025-07-31 04:37:40.418241,False
608,19905128-1,29817413-5,Telefone,1139.54,2025-07-31 05:28:52.418245,False
609,48672435-6,38697306-4,Telefone,1076.41,2025-08-01 21:59:38.418500,False
610,99686525-9,99977884-7,CPF,144.06,2025-08-11 23:29:40.418515,False
611,86323204-5,48960746-0,Telefone,1704.98,2025-08-18 04:46:35.418520,False
612,36693904-9,91883150-5,CNPJ,424.97,2025-08-11 06:44:20.418525,False
613,44539962-3,95620098-4,Telefone,1734.44,2025-08-26 18:56:00.418559,False
614,15249107-6,87184700-9,CNPJ,630.14,2025-08-08 09:00:40.418563,False
615,21691750-7,83466846-9,CPF,1396.89,2025-08-16 21:42:32.418568,False
616,85158123-8,86897254-4,CNPJ,266.2,2025-08-19 06:36:41.418572,False
617,43383063-1,29716774-3,Telefone,669.77,2025-08-21 19:03:01.418577,False
618,28661590-2,44701575-8,CNPJ,344.45,2025-08-17 11:52:54.418581,False
619,67908878-8,38195370-9,Email,80.08,2025-08-06 21:51:32.418587,False
620,20658192-2,54091256-5,Telefone,1055.61,2025-08-20 09:02:43.418592,False
621,42527103-3,74856733-9,CNPJ,706.11,2025-07-30 15:50:40.418596,False
622,58694001-8,14541120-0,Telefone,788.56,2025-08-10 08:40:43.418601,False
623,25127018-2,74463592-3,CPF,584.2,2025-08-04 20:53:52.418606,False
624,84076103-7,97001026-2,Telefone,1340.9,2025-08-17 10:35:16.418610,False
625,64378072-4,50755309-8,CNPJ,840.43,2025-08-22 04:42:04.418615,False
626,47368966-5,71590658-7,CPF,1469.64,2025-07-31 09:04:06.418619,False
627,80525024-6,80000227-2,CPF,1770.85,2025-08-19 21:38:50.418624,False
628,55366030-5,12504657-4,CPF,1512.46,2025-08-06 09:08:58.418628,False
629,91960255-7,86097875-6,CPF,322.98,2025-07-30 08:43:00.418632,False
630,15724422-5,97632921-8,Email,1663.04,2025-08-17 11:32:03.418636,False
631,86975742-0,99902410-6,Telefone,1012.18,2025-08-18 08:48:11.418641,False
632,65629382-1,72038993-5,Email,1380.02,2025-08-05 00:40:10.418646,False
633,85612948-5,49807733-1,CPF,8669.93,2025-08-16 21:11:17.418651,True
634,99072126-7,94937647-6,Telefone,1798.25,2025-08-10 20:09:57.418656,False
635,19792433-8,52706321-4,CNPJ,69.66,2025-08-07 03:14:43.418662,False
636,37608264-6,30453484-2,CNPJ,1349.46,2025-08-01 05:47:18.418666,False
637,12633131-9,26645861-1,CNPJ,1472.52,2025-08-27 05:51:30.418671,False
638,28142813-5,79731352-6,CPF,938.65,2025-08-06 19:08:10.418676,False
639,36498990-3,66504953-6,Telefone,1888.8,2025-08-18 10:18:45.418680,False
640,55427112-3,30306570-5,CNPJ,1184.76,2025-08-16 06:59:27.418684,False
641,15504760-1,88542417-7,CPF,1684.67,2025-08-23 00:07:28.418690,False
642,64750403-5,84937672-6,Email,6218.8,2025-07-30 21:20:18.418695,True
643,99317713-8,43836685-0,CNPJ,1358.94,2025-08-06 21:26:23.418700,False
644,64188381-2,16487614-4,Email,494.75,2025-08-10 12:44:16.418704,False
645,28835950-0,89448181-2,CNPJ,182.73,2025-08-25 02:27:09.418709,False
646,95909239-2,53005250-1,Telefone,768.53,2025-08-04 13:26:55.418713,False
647,68463459-8,98652481-7,Email,1696.52,2025-08-27 12:34:15.418718,False
648,57595753-3,86574371-0,CPF,1015.01,2025-08-03 00:22:55.418722,False
649,27033763-8,96793173-4,Email,75.33,2025-08-09 04:43:16.418727,False
650,89830569-7,15542109-9,Email,1722.77,2025-08-24 21:19:29.418732,False
651,58091214-5,43051833-4,Email,1940.52,2025-08-11 20:09:28.418736,False
652,25764381-7,58927044-0,Telefone,1381.63,2025-07-29 04:59:40.418743,False
653,20790411-7,25916933-7,Telefone,910.13,2025-08-19 00:21:44.418747,False
654,48987911-7,91486336-2,Telefone,829.42,2025-08-04 15:51:15.418753,False
655,15402765-4,12282632-8,Telefone,1288.34,2025-08-08 19:03:55.418757,False
656,17568529-7,80204708-7,Email,1164.06,2025-08-01 15:19:06.418761,False
657,83730203-6,44048926-8,Email,1388.29,2025-08-27 07:03:26.418765,False
658,43211770-4,48366949-1,Telefone,1867.39,2025-08-05 15:03:14.418769,False
659,71231388-3,89075217-8,CNPJ,1263.16,2025-07-28 01:17:13.418773,False
660,15134495-8,88528022-8,Email,358.98,2025-07-28 14:05:11.418778,False
661,69162674-4,69071417-8,Email,470.64,2025-08-21 14:53:07.418782,False
662,60828723-8,30948737-6,CNPJ,302.94,2025-08-26 17:05:37.418788,False
663,20318591-1,21164060-4,CNPJ,400.37,2025-08-15 06:30:59.418792,False
664,93904843-1,17350565-0,Email,1231.15,2025-07-31 16:44:53.418796,False
665,92258585-2,40858868-0,Telefone,1070.35,2025-07-31 01:34:25.418801,False
666,95049914-8,50299550-3,CPF,1691.71,2025-08-13 12:52:25.418805,False
667,95578203-3,63006989-9,Email,83.91,2025-08-16 05:25:07.418809,False
668,84769456-4,50104467-1,CPF,1761.84,2025-08-16 08:48:29.418814,False
669,25858458-6,73823393-5,Telefone,625.09,2025-08-15 11:42:06.418818,False
670,70853111-1,93203297-4,CNPJ,1980.89,2025-08-21 13:21:46.418822,False
671,35384381-0,11742916-4,Telefone,1596.93,2025-08-24 07:58:40.418828,False
672,18356796-1,11299556-4,Telefone,1108.49,2025-08-18 12:16:59.418832,False
673,11092642-5,42230676-2,Telefone,403.48,2025-08-05 21:09:00.418836,False
674,27758653-7,28778508-7,Email,1854.54,2025-07-30 14:56:15.418847,False
675,68122541-7,77227414-7,Telefone,1122.07,2025-08-03 17:14:02.418851,False
676,13042498-8,36788503-3,Telefone,1427.3,2025-08-07 11:27:13.418855,False
677,78796033-2,65050349-3,Telefone,256.57,2025-08-05 09:43:51.418860,False
678,17595069-0,98973300-7,Email,1071.88,2025-08-12 10:11:41.418864,False
679,65495813-2,63466867-9,CPF,1072.79,2025-08-04 12:21:09.418868,False
680,23734690-4,33081002-4,Telefone,1301.0,2025-08-16 23:36:58.418873,False
681,31379470-8,86393627-9,CPF,1231.18,2025-08-23 13:33:05.418877,False
682,33389874-1,91439012-2,Telefone,192.14,2025-08-10 07:35:29.418881,False
683,39891531-5,51468891-8,CNPJ,1119.01,2025-07-31 18:24:00.418887,False
684,82020799-7,42470499-9,Email,1450.88,2025-08-18 05:50:16.418892,False
685,32996569-4,46731856-7,CPF,1277.94,2025-08-12 00:15:29.418896,False
686,87488715-7,58002312-3,Telefone,7626.58,2025-08-19 06:57:54.418900,True
687,73579644-1,83452681-0,Email,784.15,2025-08-03 08:22:18.418944,False
688,39341403-3,73907151-8,Telefone,367.29,2025-08-02 07:09:14.418957,False
689,37453744-6,72763988-3,CNPJ,628.65,2025-08-03 07:40:20.418964,False
690,82154714-7,62576272-3,Telefone,248.57,2025-08-19 07:24:32.418970,False
691,25554944-1,86992856-6,Email,1099.52,2025-08-19 03:23:44.418977,False
692,90473361-6,62974220-0,CNPJ,1597.73,2025-08-01 18:56:37.418983,False
693,81053495-3,38226320-5,CNPJ,107.7,2025-08-12 17:56:06.418988,False
694,82596606-3,61877409-4,Email,1258.82,2025-08-05 14:18:03.418994,False
695,36093652-3,71931285-5,CNPJ,1278.57,2025-08-12 17:17:18.418999,False
696,75158522-0,69656426-8,Telefone,21.2,2025-08-07 18:51:52.419005,False
697,13339248-4,10461861-3,CNPJ,1507.57,2025-07-29 02:34:19.419010,False
698,91619035-6,75980524-1,CPF,358.08,2025-08-08 20:40:02.419016,False
699,61969520-0,65823956-9,Telefone,1125.11,2025-08-20 16:18:40.419022,False
700,61686040-0,58896161-4,CNPJ,1071.34,2025-08-11 19:38:25.419027,False
701,17501687-8,92589747-6,Email,697.39,2025-08-16 13:17:17.419032,False
702,58592774-1,73391748-3,Email,1591.1,2025-08-08 00:56:47.419038,False
703,45292628-1,86989824-1,CPF,1051.51,2025-08-12 16:29:21.419052,False
704,43240677-3,71002694-4,Email,1235.38,2025-08-18 16:20:35.419060,False
705,91915641-6,31549441-2,CNPJ,846.79,2025-08-02 05:25:54.419066,False
706,39107119-4,21298252-3,Telefone,1401.64,2025-08-11 14:14:27.419092,False
707,89152210-0,77988241-5,CPF,1613.92,2025-08-18 03:46:43.419100,False
708,87815660-7,72353495-2,CNPJ,1195.55,2025-08-24 12:01:23.419105,False
709,99949069-4,29694806-4,Email,634.71,2025-08-10 07:42:39.419110,False
710,55908430-7,79394767-4,CPF,1100.56,2025-08-11 13:25:16.419118,False
711,75560471-9,33809159-7,Telefone,1662.1,2025-08-23 15:30:38.419123,False
712,87536560-2,79981970-0,Telefone,179.29,2025-08-15 15:34:00.419127,False
713,75389210-7,34154594-4,Telefone,979.78,2025-08-27 06:31:11.419132,False
714,39734822-6,71429648-9,CPF,1191.66,2025-08-01 17:45:43.419136,False
715,92917013-8,76239003-1,CNPJ,1956.56,2025-08-01 06:59:38.419141,False
716,68969812-6,56579448-8,CPF,599.34,2025-07-31 20:56:58.419146,False
717,81605441-1,93200046-1,Telefone,1015.92,2025-08-20 11:51:19.419150,False
718,43220401-8,51661949-3,CNPJ,1126.4,2025-08-22 09:02:52.419157,False
719,29594483-7,51268728-5,CNPJ,912.15,2025-07-29 02:31:58.419161,False
720,68314491-0,83611033-1,CNPJ,1267.95,2025-08-15 00:23:40.419166,False
721,39011678-2,75359770-1,CNPJ,1450.65,2025-08-13 07:24:38.419171,False
722,31978914-5,77325053-3,CPF,506.81,2025-07-28 10:42:48.419175,False
723,87686806-8,29898961-0,Telefone,1488.9,2025-08-04 11:46:22.419180,False
724,79812717-5,15293134-3,CNPJ,307.99,2025-08-05 15:44:13.419184,False
725,94429340-1,32703337-6,Email,836.88,2025-07-28 18:29:54.419188,False
726,18086480-7,43365273-5,Email,1876.12,2025-08-10 20:13:32.419194,False
727,94785520-4,38032888-9,CPF,1506.11,2025-08-13 19:29:49.419199,False
728,39230146-0,54809277-6,CPF,1672.81,2025-07-31 03:35:08.419203,False
729,26665586-1,55689772-7,CNPJ,329.54,2025-08-27 05:15:56.419207,False
730,67516311-6,87445033-8,Email,322.97,2025-08-12 00:08:57.419213,False
731,66193134-5,96500906-4,Telefone,1192.66,2025-08-13 03:54:13.419218,False
732,69819701-5,35988291-7,CNPJ,11149.72,2025-08-13 09:29:23.419222,True
733,57833916-9,10211975-5,CPF,221.93,2025-08-19 00:31:52.419227,False
734,45267738-7,74494535-8,Telefone,1264.55,2025-08-05 18:20:06.419231,False
735,75807692-4,57863781-3,Telefone,1347.61,2025-08-23 23:15:28.419236,False
736,39115971-3,15989224-3,Telefone,1668.24,2025-08-20 16:41:38.419240,False
737,22301901-0,44361435-6,CPF,1817.41,2025-08-20 04:06:36.419244,False
738,46694725-2,71493918-9,CNPJ,19167.73,2025-08-04 19:05:51.419248,True
739,43396639-5,55932096-7,CPF,17833.23,2025-08-19 19:20:34.419253,True
740,84613628-3,21904402-7,CNPJ,57.57,2025-08-25 03:23:43.419257,False
741,34554655-6,45473847-3,Telefone,1159.42,2025-08-11 01:35:29.419262,False
742,15258966-6,57513527-2,CPF,717.57,2025-08-26 08:58:56.419266,False
743,23229212-7,52438949-0,CPF,600.91,2025-08-05 12:02:19.419270,False
744,63405109-2,70801830-5,CPF,213.56,2025-08-05 04:16:22.419275,False
745,85733495-6,77794496-3,Email,1424.84,2025-08-21 03:51:41.419279,False
746,66581179-6,66777291-5,CNPJ,862.21,2025-08-25 16:43:03.419283,False
747,77005031-4,94820645-9,Telefone,458.54,2025-08-10 22:22:19.419293,False
748,74569618-3,66582099-0,Telefone,14590.24,2025-08-01 11:38:17.419297,True
749,96718046-8,90074323-7,CPF,59.56,2025-08-08 21:08:05.419302,False
750,78663303-9,47358332-3,CNPJ,351.86,2025-08-09 21:55:02.419306,False
751,97829065-2,48266759-9,Telefone,108.22,2025-08-02 07:36:58.419311,False
752,71834388-4,89092068-9,CNPJ,1543.65,2025-08-27 09:05:46.419315,False
753,59066389-1,35458759-7,CPF,1400.98,2025-07-30 15:14:12.419319,False
754,54127057-8,56037968-1,Telefone,1608.79,2025-08-19 17:01:21.419324,False
755,85513513-6,84590422-1,CNPJ,1282.68,2025-08-16 19:49:05.419329,False
756,35950995-4,28193990-2,CNPJ,585.72,2025-08-16 15:34:42.419333,False
757,90877270-1,89959416-7,CNPJ,1402.24,2025-07-28 12:13:59.419337,False
758,25158557-4,33587470-2,CPF,58.23,2025-08-25 21:50:31.419341,False
759,80862849-1,92943819-6,CPF,560.23,2025-08-21 13:56:43.419346,False
760,58488331-4,33300527-6,Telefone,1521.38,2025-08-15 15:05:14.419350,False
761,80663053-1,65546477-5,Email,61.13,2025-08-22 05:09:34.419354,False
762,59344368-4,56936175-3,CNPJ,860.56,2025-08-08 00:38:14.419361,False
763,52382778-3,14392749-0,CNPJ,1164.02,2025-08-15 01:26:51.419365,False
764,16860872-9,61274401-3,Email,265.17,2025-08-14 15:41:36.419369,False
765,38329282-0,88464849-4,CNPJ,1553.89,2025-08-15 18:37:04.419373,False
766,53415943-8,45346423-3,CNPJ,387.59,2025-08-23 05:00:34.419377,False
767,76073061-1,96542208-8,Telefone,519.04,2025-07-28 00:52:35.419382,False
768,37332952-5,59377720-7,Telefone,399.64,2025-08-22 03:49:09.419388,False
769,77649219-6,94370810-1,CNPJ,53.69,2025-08-15 15:40:25.419393,False
770,26887951-2,59247837-2,CNPJ,1848.03,2025-08-21 22:14:00.419398,False
771,98200878-2,42979160-0,Telefone,1495.2,2025-08-12 16:43:56.419402,False
772,51780397-9,27041952-3,Email,1781.53,2025-07-29 02:08:56.419408,False
773,44170392-6,25047423-1,CPF,462.03,2025-08-04 14:07:52.419413,False
774,34330539-5,32532897-2,Telefone,363.61,2025-07-27 19:52:30.419417,False
775,57720382-9,10849282-2,Telefone,570.9,2025-08-12 19:31:27.419422,False
776,92863951-5,73586195-7,Telefone,603.26,2025-08-08 15:19:39.419426,False
777,43009865-0,64635230-7,CNPJ,1603.06,2025-08-25 16:22:33.419431,False
778,76613607-7,39130591-8,Telefone,1359.08,2025-08-24 21:47:48.419435,False
779,76005468-1,82478368-6,Email,44.63,2025-08-22 18:09:07.419440,False
780,99033417-8,68741863-0,CNPJ,1086.61,2025-08-18 12:04:34.419444,False
781,42569173-0,73673943-3,CPF,1914.67,2025-07-29 07:07:31.419449,False
782,11356736-7,50775328-7,Email,1358.31,2025-08-04 13:30:08.419454,False
783,80346340-9,96441687-2,CPF,1163.65,2025-08-02 02:15:27.419459,False
784,13234209-1,54312594-5,CPF,1985.14,2025-08-26 15:08:47.419464,False
785,47161641-8,78926203-3,CPF,1940.79,2025-08-08 06:45:45.419468,False
786,96456250-8,31983393-1,Telefone,878.44,2025-07-31 15:47:49.419473,False
787,35316970-9,55462860-1,CNPJ,290.05,2025-08-22 18:41:20.419477,False
788,93187211-7,80899777-9,Email,1620.97,2025-07-28 10:19:10.419483,False
789,47882117-9,78902208-2,CPF,412.61,2025-08-03 09:51:22.419488,False
790,53439752-8,58615303-7,CNPJ,353.75,2025-08-08 16:08:35.419493,False
791,28456364-3,63105511-1,CNPJ,1861.95,2025-08-06 05:53:16.419497,False
792,15309629-8,82103700-3,CNPJ,884.14,2025-08-26 17:06:16.419502,False
793,66876725-0,12240972-9,Email,33.9,2025-08-03 06:34:31.419506,False
794,80267851-4,82675050-7,Email,1232.99,2025-07-27 22:34:00.419510,False
795,56356495-0,56194160-9,CNPJ,1211.02,2025-08-26 07:01:21.419516,False
796,38394294-6,11417122-3,CPF,1820.74,2025-08-19 17:00:00.419520,False
797,95196288-9,16979324-5,Telefone,75.33,2025-08-26 03:57:19.419524,False
798,61128250-5,92369779-1,CPF,1730.72,2025-08-20 15:56:13.419528,False
799,43886449-3,64260671-3,Telefone,1718.84,2025-08-19 08:07:37.419533,False
800,21748598-2,21930354-5,Email,1094.46,2025-08-05 09:19:04.419537,False
801,77048421-2,49114122-2,Email,1671.47,2025-08-24 06:42:57.419541,False
802,13696060-7,84599039-8,CNPJ,120.81,2025-08-22 15:32:45.419545,False
803,43307901-9,54180460-9,CNPJ,1556.97,2025-08-09 04:37:05.419549,False
804,58168023-8,29376923-2,CNPJ,1114.88,2025-08-06 14:41:27.419553,False
805,20224420-5,63667743-6,Email,1449.78,2025-08-08 01:50:06.419557,False
806,98664187-3,39969823-5,CNPJ,847.8,2025-08-21 23:24:58.419562,False
807,81554684-9,42598678-2,Email,1292.16,2025-08-08 04:41:52.419566,False
808,41794321-7,18139705-3,CPF,306.92,2025-08-02 02:22:58.419573,False
809,96038479-2,26794652-5,CNPJ,1001.47,2025-08-21 17:57:57.419577,False
810,48069253-6,77648434-8,CNPJ,11071.18,2025-08-10 16:50:02.419581,True
811,40071207-8,51233547-8,Telefone,1992.61,2025-08-10 02:01:06.419589,False
812,25882507-5,90624125-0,Telefone,193.11,2025-08-27 06:15:40.419593,False
813,93209892-1,14386549-3,Email,1329.32,2025-08-09 12:44:19.419597,False
814,23308541-8,37297336-2,CPF,1835.56,2025-08-20 08:10:18.419602,False
815,19156507-5,22686108-1,Telefone,671.18,2025-08-06 15:11:45.419606,False
816,80284474-1,86682573-8,CNPJ,1767.81,2025-08-08 09:59:09.419610,False
817,57040705-1,22919955-8,CNPJ,99.38,2025-07-29 11:21:38.419614,False
818,50885928-5,57359033-3,CPF,16779.01,2025-08-18 05:49:25.419619,True
819,59575407-5,26715789-3,Telefone,1282.68,2025-08-20 12:22:58.419623,False
820,19505175-7,10819377-3,Telefone,17328.62,2025-08-14 16:36:45.419627,True
821,15654336-6,29943328-8,Telefone,5327.63,2025-08-06 12:55:44.419632,True
822,40497788-4,92394104-5,CNPJ,720.53,2025-08-15 15:57:41.419636,False
823,94515695-5,54048094-5,CNPJ,1235.99,2025-08-11 07:39:06.419640,False
824,54441976-8,40582302-4,Telefone,1215.53,2025-08-07 11:34:27.419644,False
825,89184470-0,80972863-9,Email,1253.64,2025-08-06 22:38:26.419648,False
826,10922514-6,37186443-3,Email,1975.1,2025-08-03 00:03:21.419652,False
827,19779958-9,26539278-1,Telefone,606.77,2025-08-23 12:24:45.419658,False
828,13673145-1,99290121-8,Telefone,7206.0,2025-08-27 05:25:50.419663,True
829,70824406-2,69504046-3,CPF,8723.76,2025-08-20 22:35:52.419667,True
830,30369490-9,84954029-9,Telefone,1879.11,2025-08-21 23:39:15.419672,False
831,61533132-7,30671769-1,CNPJ,1220.01,2025-07-30 18:11:14.419676,False
832,30562718-4,34989331-2,CNPJ,1025.07,2025-08-21 02:38:53.419681,False
833,97913226-7,51643087-0,Email,525.07,2025-08-01 05:16:43.419686,False
834,42361199-6,90194190-7,Email,1822.89,2025-07-28 05:47:59.419690,False
835,39506096-8,48635172-9,Email,1704.54,2025-07-30 09:53:03.419694,False
836,91128904-3,49084982-2,CPF,432.83,2025-08-13 14:00:40.419698,False
837,71944866-1,23463994-1,CPF,19.32,2025-07-31 20:56:20.419703,False
838,21798833-5,49535528-6,Telefone,1730.48,2025-08-21 07:23:50.419707,False
839,94739299-2,12714433-1,CPF,1927.95,2025-08-13 04:43:27.419711,False
840,14732572-5,97673448-5,CPF,1685.82,2025-08-05 04:36:25.419715,False
841,13346524-3,70973645-2,Email,591.09,2025-08-01 00:41:14.419720,False
842,40397853-1,37807683-9,CNPJ,1742.46,2025-08-27 03:52:57.419724,False
843,68114640-5,31565751-4,Email,1043.66,2025-07-28 19:34:38.419728,False
844,29635768-4,66437663-6,Telefone,1661.01,2025-08-24 10:23:19.419733,False
845,74199022-7,99317010-4,CPF,796.77,2025-08-22 14:06:59.419737,False
846,71899777-4,58156826-7,Email,113.97,2025-08-08 08:58:46.419743,False
847,59434871-8,83136149-7,CNPJ,1928.67,2025-08-09 21:21:30.419749,False
848,73938995-2,73922087-2,CPF,335.66,2025-08-17 22:02:56.419754,False
849,72535257-7,32465707-7,Email,1412.02,2025-07-28 22:33:09.419758,False
850,76792688-5,54995058-2,Email,43.76,2025-08-25 12:53:11.419762,False
851,38308578-7,18809336-5,CNPJ,21.51,2025-07-30 21:42:24.419766,False
852,97505924-4,83499429-1,CNPJ,385.77,2025-08-15 19:12:38.419771,False
853,43637360-4,59572623-7,CNPJ,1282.25,2025-08-17 01:03:51.419776,False
854,91400142-8,32579315-9,CPF,174.36,2025-08-11 01:26:58.419780,False
855,90955635-8,71259386-7,Telefone,1042.56,2025-08-22 10:12:27.419784,False
856,53978920-5,71774658-3,Email,1730.91,2025-08-15 15:06:21.419789,False
857,73717961-5,48858253-1,CNPJ,744.74,2025-08-01 23:32:52.419794,False
858,85702644-7,54119861-8,Email,883.1,2025-07-29 18:44:20.419799,False
859,32648984-8,59399860-6,CPF,1901.48,2025-08-04 15:09:23.419803,False
860,17896856-4,11775409-8,Telefone,1091.35,2025-08-16 06:32:28.419807,False
861,50702922-5,80317880-4,Email,981.69,2025-07-28 17:29:37.419811,False
862,13783927-2,53861104-4,Telefone,1043.95,2025-08-27 12:09:27.419819,False
863,52893329-4,43512967-4,CPF,1831.5,2025-08-13 05:07:10.419823,False
864,66979232-5,37782205-7,CPF,1410.63,2025-08-20 21:25:57.419827,False
865,20877858-2,13802371-6,Email,521.92,2025-08-20 04:53:57.419831,False
866,92429363-8,36549726-9,Telefone,1356.84,2025-07-30 05:07:54.419837,False
867,59867569-9,23799897-1,Telefone,700.88,2025-08-18 10:26:05.419841,False
868,38076519-9,21636907-5,Email,1768.5,2025-08-08 22:15:38.419845,False
869,80057432-9,61253407-0,CNPJ,677.94,2025-08-24 08:05:55.419850,False
870,46491154-1,39272934-1,CNPJ,1883.79,2025-08-06 00:21:14.419854,False
871,65365948-2,44746052-0,CPF,266.94,2025-08-03 07:47:01.419858,False
872,50215855-9,42573051-4,CPF,1086.66,2025-08-04 08:47:55.419862,False
873,13311074-1,46724004-4,CNPJ,1745.78,2025-08-22 20:03:22.419866,False
874,89162653-6,61523260-8,Telefone,1691.58,2025-08-18 15:00:43.419872,False
875,65563130-2,36427046-9,Telefone,76.46,2025-07-30 19:53:57.419876,False
876,63387603-6,65799243-1,CNPJ,28.6,2025-07-30 11:42:33.419881,False
877,37375416-8,47034735-7,Telefone,1642.89,2025-07-31 23:35:49.419885,False
878,58720536-5,90179458-4,CNPJ,6934.45,2025-08-06 05:16:47.419889,True
879,60886906-7,41925225-4,Email,1220.93,2025-08-21 21:55:04.419893,False
880,43301130-6,61653237-6,CPF,778.08,2025-08-01 11:11:13.419897,False
881,49064500-1,26769255-5,CPF,742.94,2025-08-12 00:58:29.419901,False
882,34721806-8,97412105-5,CPF,717.15,2025-08-13 18:18:20.419905,False
883,96784146-4,25944501-6,CNPJ,1546.66,2025-08-20 16:58:13.419910,False
884,53641445-9,55732103-7,CPF,616.02,2025-08-08 12:52:58.419914,False
885,21644658-3,41941375-2,CPF,80.85,2025-08-23 06:46:40.419918,False
886,69297921-8,33419990-9,CPF,1547.72,2025-08-02 13:51:23.419923,False
887,75856148-4,40099809-6,Email,1384.27,2025-08-12 15:22:02.419928,False
888,16613452-3,18839388-5,Email,423.73,2025-08-22 11:01:12.419932,False
889,34008119-9,71450049-6,CPF,1011.56,2025-08-02 00:54:40.419936,False
890,96760771-8,37740273-5,CNPJ,1380.3,2025-08-18 04:04:05.419940,False
891,71784541-2,25767284-9,CNPJ,241.27,2025-07-31 02:52:10.419944,False
892,91810815-0,32598642-4,Email,534.69,2025-08-26 20:22:20.419949,False
893,56508720-7,84630822-6,CPF,948.73,2025-08-12 16:29:25.419953,False
894,96973130-6,59729236-9,Telefone,971.28,2025-08-10 09:36:25.419957,False
895,23902255-7,25797041-7,CPF,168.44,2025-08-17 00:04:38.419961,False
896,75199977-6,67148079-4,Telefone,560.64,2025-08-01 06:57:44.419967,False
897,22811316-7,23304015-3,CNPJ,1145.92,2025-08-19 23:15:10.419971,False
898,41272966-6,61506712-0,Email,1844.79,2025-08-01 18:24:14.419976,False
899,64902743-0,29409570-2,CPF,1595.78,2025-08-12 13:36:43.419980,False
900,26558706-7,23147263-1,Telefone,915.08,2025-08-24 22:24:41.419984,False
901,42856813-5,96244992-4,CNPJ,1715.6,2025-08-13 07:59:44.419988,False
902,17037901-3,49068326-8,CPF,1920.14,2025-08-20 00:01:41.419992,False
903,92573717-9,18635246-7,Email,963.36,2025-08-27 02:43:38.419996,False
904,68929128-5,49795709-8,CNPJ,990.09,2025-08-05 19:16:41.420000,False
905,37324913-8,75308873-2,Telefone,868.96,2025-08-02 05:31:46.420006,False
906,45029188-7,99884108-9,Email,1485.12,2025-08-13 07:04:20.420010,False
907,16321548-2,44842080-4,CNPJ,732.51,2025-08-06 15:13:46.420014,False
908,38283764-2,33194456-7,Telefone,417.4,2025-08-25 13:43:50.420018,False
909,22884124-4,57027508-0,CPF,1147.92,2025-08-08 17:52:49.420023,False
910,26226565-5,51645007-9,Email,1584.28,2025-08-19 19:52:29.420028,False
911,12054911-6,77366974-7,CPF,908.45,2025-07-29 07:52:52.420032,False
912,59353491-5,43688392-7,CNPJ,1848.99,2025-08-08 23:44:09.420037,False
913,37792839-6,62917539-5,Email,6432.56,2025-08-27 04:26:31.420041,True
914,34825581-7,74791934-4,CNPJ,1148.06,2025-07-28 20:28:13.420045,False
915,44577928-9,76684788-4,Telefone,384.88,2025-08-21 14:15:37.420049,False
916,55289008-5,94576951-9,CPF,11502.15,2025-08-05 03:59:37.420053,True
917,87553019-3,12162395-6,CNPJ,1369.57,2025-08-02 05:47:08.420059,False
918,31473608-5,90937650-9,CNPJ,417.17,2025-08-25 01:00:47.420063,False
919,10715615-2,99513309-0,Telefone,87.52,2025-08-14 06:37:28.420067,False
920,50234315-4,51302183-4,Email,26.76,2025-08-07 07:29:43.420071,False
921,32031584-4,14805002-9,Telefone,1992.25,2025-07-30 00:57:17.420076,False
922,30167943-9,72437573-7,Telefone,479.92,2025-08-18 09:37:17.420080,False
923,79851509-2,72435759-3,CPF,1146.2,2025-08-26 02:03:45.420084,False
924,61239014-8,98286004-7,Email,218.36,2025-08-05 17:29:55.420089,False
925,96406559-5,78550219-8,Telefone,428.17,2025-08-22 19:24:31.420094,False
926,39169506-9,92948982-5,Email,1789.73,2025-08-19 23:57:04.420099,False
927,87727981-4,79385724-2,Email,390.54,2025-08-12 00:52:29.420103,False
928,48708981-1,97922830-9,Telefone,761.18,2025-08-20 12:34:53.420107,False
929,43500029-7,70966280-0,Telefone,1027.6,2025-08-23 21:38:37.420111,False
930,23559251-6,62929327-9,Telefone,1569.51,2025-08-25 02:43:59.420115,False
931,38962528-7,74177346-4,Telefone,1674.16,2025-08-16 20:06:45.420120,False
932,18552475-1,80614222-3,Telefone,1082.89,2025-08-06 01:09:45.420124,False
933,58585749-0,34722502-4,Telefone,1766.42,2025-07-31 07:16:44.420128,False
934,70866291-7,45543995-4,Telefone,1035.63,2025-07-29 17:26:29.420133,False
935,48038281-7,19385092-2,CPF,792.47,2025-08-07 19:56:20.420137,False
936,48142473-9,82972388-7,Email,1047.69,2025-08-05 04:02:53.420141,False
937,97340573-3,77586071-9,Telefone,719.02,2025-08-23 00:20:45.420145,False
938,69031991-7,91936057-1,CNPJ,768.57,2025-08-22 20:02:19.420151,False
939,38051478-3,75297565-7,Telefone,1928.07,2025-08-07 00:08:37.420155,False
940,80458582-7,13570871-9,Telefone,871.36,2025-08-06 18:10:00.420159,False
941,86967907-0,48942990-3,CPF,1711.01,2025-07-30 21:18:11.420164,False
942,72149069-6,29016117-6,Email,1772.51,2025-08-08 17:31:29.420169,False
943,69109786-5,53199362-1,CPF,1317.23,2025-08-03 10:49:03.420173,False
944,16491395-3,60472008-9,CPF,1606.22,2025-08-02 11:41:35.420186,False
945,95009444-3,99509567-9,Email,477.56,2025-08-22 21:53:01.420191,False
946,39674381-1,28429489-3,CPF,162.37,2025-07-31 04:59:59.420195,False
947,38585452-4,80261258-1,CPF,1740.4,2025-08-27 00:44:20.420199,False
948,43402175-8,55977512-1,CPF,1574.61,2025-08-16 07:23:43.420203,False
949,88554464-6,67266302-9,CPF,995.52,2025-08-25 08:53:09.420207,False
950,85714288-8,35447797-1,Telefone,787.54,2025-08-24 23:01:28.420212,False
951,60063361-1,69261930-6,CPF,96.47,2025-08-21 14:57:41.420216,False
952,30655270-5,49065514-2,CNPJ,987.33,2025-08-08 03:21:14.420220,False
953,75726542-7,41932430-3,Email,859.89,2025-08-17 17:39:04.420224,False
954,97880499-6,31088696-4,Telefone,1023.56,2025-08-16 02:00:47.420229,False
955,88322827-9,69099989-0,Telefone,270.32,2025-07-28 14:14:30.420233,False
956,71329954-6,30572306-8,CPF,1198.58,2025-08-09 22:07:56.420238,False
957,55030429-7,56624654-1,Email,1979.45,2025-08-24 23:27:02.420242,False
958,76368707-8,48536879-5,CNPJ,1248.78,2025-07-30 23:27:05.420246,False
959,57860784-4,21967906-2,Telefone,176.95,2025-08-23 02:35:43.420251,False
960,12832781-1,14662728-4,CPF,1478.17,2025-08-10 04:12:13.420255,False
961,59737642-3,58020922-9,CPF,48.77,2025-08-19 08:14:09.420259,False
962,88443899-5,22541510-9,CNPJ,533.4,2025-08-10 07:22:53.420264,False
963,23905874-3,56918288-7,CPF,1076.35,2025-08-25 10:54:54.420268,False
964,98641618-6,48084808-6,Email,1770.24,2025-08-22 02:40:39.420273,False
965,97251969-2,73501476-4,CNPJ,642.53,2025-08-09 05:52:31.420278,False
966,96919164-6,47608202-9,Email,824.16,2025-08-18 10:43:16.420282,False
967,82817529-2,84922047-6,CNPJ,911.48,2025-07-28 22:28:01.420286,False
968,93727359-9,87311487-2,CNPJ,187.09,2025-08-12 22:00:27.420290,False
969,24662602-0,83037013-0,CNPJ,1440.9,2025-08-05 13:40:49.420295,False
970,43799236-5,43052333-8,Email,1161.01,2025-08-24 20:15:42.420299,False
971,38220175-0,57773586-3,CNPJ,1350.66,2025-07-31 07:20:18.420303,False
972,83163539-1,45889015-1,CPF,1652.93,2025-08-03 22:16:55.420307,False
973,66422423-4,24396730-8,CPF,1609.28,2025-08-02 06:57:12.420312,False
974,88507864-3,40926057-1,CPF,168.15,2025-08-07 08:27:57.420317,False
975,70428519-1,43749062-7,Email,629.62,2025-08-10 22:51:34.420322,False
976,59037204-4,55598136-8,Email,1772.95,2025-08-06 16:26:30.420326,False
977,11491020-3,78417608-2,CPF,1543.58,2025-08-20 04:03:04.420330,False
978,29849259-4,74422839-4,Email,473.08,2025-07-31 16:55:22.420334,False
979,73774592-8,85431110-1,Telefone,1063.62,2025-08-10 23:26:32.420338,False
980,84451841-3,85395998-2,CNPJ,366.64,2025-08-22 19:48:12.420342,False
981,22414619-2,98890407-0,Telefone,1458.3,2025-08-18 09:23:58.420348,False
982,45120373-7,45234789-1,CNPJ,1633.6,2025-07-29 04:58:01.420352,False
983,24396327-9,96869249-8,CNPJ,741.76,2025-08-06 09:11:51.420357,False
984,18443634-4,84970900-9,Telefone,928.97,2025-08-05 21:13:19.420361,False
985,36523660-2,66599509-3,Telefone,284.34,2025-08-25 14:49:07.420365,False
986,83561790-6,78392134-5,CPF,1331.65,2025-08-02 21:40:07.420370,False
987,14793943-0,67133258-5,Email,14859.52,2025-08-06 04:55:25.420374,True
988,55906889-2,70734437-5,CPF,1123.76,2025-08-06 14:13:51.420378,False
989,36721975-7,91562280-9,Telefone,909.39,2025-08-21 01:06:50.420382,False
990,15133841-0,95189812-5,Telefone,768.94,2025-07-31 14:17:27.420387,False
991,66423410-5,37740454-9,CPF,1335.4,2025-08-04 03:34:49.420391,False
992,97620774-8,45696991-6,CPF,967.14,2025-07-28 11:34:47.420395,False
993,39331899-3,97193889-8,CPF,480.69,2025-07-27 15:32:08.420400,False
994,35383827-0,12333052-5,CNPJ,1890.27,2025-08-02 04:30:34.420404,False
995,87733330-1,30323135-5,Email,947.62,2025-07-29 06:36:04.420408,False
996,74261989-1,60590318-6,CNPJ,1625.21,2025-08-07 19:11:34.420412,False
997,21149771-7,82124709-6,Telefone,1295.51,2025-08-16 06:18:14.420417,False
998,95366117-6,98943622-2,Telefone,1482.86,2025-08-18 02:00:19.420421,False
999,44342115-2,55403894-6,Email,1761.13,2025-08-18 17:08:41.420425,False
1000,63248449-3,50716058-1,CNPJ,752.22,2025-08-02 22:49:27.420429,False
